"IMAGE_ID","MODEL_ID","IMAGE_URL","VIEW_TYPE"
30122,4,/images/carimage/hyundai/kona.png,exterior
30123,5,/images/carimage/hyundai/kona_con.jpg,con
30124,5,/images/carimage/hyundai/kona.png,exterior
30125,3,/images/carimage/hyundai/sonata_con.jpg,con
30126,3,/images/carimage/hyundai/sonata.png,exterior
30127,9,/images/carimage/hyundai/tucson_con.jpg,con
30128,9,/images/carimage/hyundai/tucson.png,exterior
30129,10,/images/carimage/hyundai/nexo_con.jpg,con
30130,10,/images/carimage/hyundai/nexo.png,exterior
30131,6,/images/carimage/hyundai/grandeur_con.jpg,con
30132,6,/images/carimage/hyundai/grandeur.png,exterior
30133,7,/images/carimage/hyundai/grandeur_con.jpg,con
30134,7,/images/carimage/hyundai/grandeur.png,exterior
30135,8,/images/carimage/hyundai/palisade_con.jpg,con
30136,8,/images/carimage/hyundai/palisade.png,exterior
30137,11,/images/carimage/hyundai/ioniq6_con.jpg,con
30138,11,/images/carimage/hyundai/ioniq6.png,exterior
30139,12,/images/carimage/volkswagen/atlas_con.jpg,con
30140,12,/images/carimage/volkswagen/ATLAS.png,exterior
30141,13,/images/carimage/volkswagen/golf_con.jpg,con
30142,13,/images/carimage/volkswagen/GOLF.png,exterior
30143,14,/images/carimage/volkswagen/touareg_con.jpg,con
30144,14,/images/carimage/volkswagen/TOUAREG.png,exterior
30145,15,/images/carimage/volkswagen/id.5_con.jpg,con
30146,15,/images/carimage/volkswagen/ID.5.png,exterior
30147,16,/images/carimage/hyundai/avante_con.jpg,con
30148,16,/images/carimage/hyundai/avante.png,exterior
30149,17,/images/carimage/audi/q5_con.jpg,con
30150,17,/images/carimage/audi/Q5.png,exterior
30151,20020,/images/carimage/kia/carnival.png,exterior
30152,20002,/images/carimage/kia/carnival-hi-limousine.png,exterior
30153,20020,/images/carimage/kia/carnival_con.jpg,con
30154,20002,/images/carimage/kia/carnival-hi-limousine_con.jpg,con
30155,60007,/images/carimage/tesla/MODELS.png,exterior
30156,60007,/images/carimage/tesla/MODELS_con.jpg,con
30001,20001,/images/carimage/kia/ev9_con.jpg,con
30002,20001,/images/carimage/kia/EV9.png,exterior
30003,20003,/images/carimage/kia/niroev_con.jpg,con
30004,20003,/images/carimage/kia/niroev.png,exterior
30005,20004,/images/carimage/kia/k8_con.jpg,con
30006,20004,/images/carimage/kia/k8.png,exterior
30007,20005,/images/carimage/kia/rayev_con.jpg,con
30008,20005,/images/carimage/kia/rayev.png,exterior
30009,20006,/images/carimage/kia/k9_con.jpg,con
30010,20006,/images/carimage/kia/k9.png,exterior
30011,20007,/images/carimage/kia/niro_con.jpg,con
30012,20007,/images/carimage/kia/niro.png,exterior
30013,20008,/images/carimage/kia/ev4_con.jpg,con
30014,20008,/images/carimage/kia/EV4.png,exterior
30015,20009,/images/carimage/kia/k5_con.jpg,con
30016,20009,/images/carimage/kia/k5.png,exterior
30017,20010,/images/carimage/kia/morning_con.jpg,con
30018,20010,/images/carimage/kia/morning.png,exterior
30019,20011,/images/carimage/genesis/g80_con.jpg,con
30020,20011,/images/carimage/genesis/G80.png,exterior
30021,20012,/images/carimage/genesis/gv70_con.jpg,con
30022,20012,/images/carimage/genesis/GV70.png,exterior
30023,20013,/images/carimage/kia/ev6_con.jpg,con
30024,20013,/images/carimage/kia/EV6.png,exterior
30025,20014,/images/carimage/kia/ev3_con.jpg,con
30026,20014,/images/carimage/kia/EV3.png,exterior
30027,20015,/images/carimage/kia/ev5_con.jpg,con
30028,20015,/images/carimage/kia/EV5.png,exterior
30029,20016,/images/carimage/kia/seltos_con.jpg,con
30030,20016,/images/carimage/kia/seltos.png,exterior
30031,20017,/images/carimage/kia/ray_con.jpg,con
30032,20017,/images/carimage/kia/ray.png,exterior
30033,20018,/images/carimage/kia/sorento_con.jpg,con
30034,20018,/images/carimage/kia/sorento.png,exterior
30035,20019,/images/carimage/kia/spotage_con.jpg,con
30036,20019,/images/carimage/kia/sportage.png,exterior
30037,20021,/images/carimage/bmw/x5_con.jpg,con
30038,20021,/images/carimage/bmw/X5.png,exterior
30039,40001,/images/carimage/toyota/highlander_con.jpg,con
30040,40001,/images/carimage/toyota/highlander.png,exterior
30041,40002,/images/carimage/toyota/gr86_con.jpg,con
30042,40002,/images/carimage/toyota/gr86.png,exterior
30043,40003,/images/carimage/toyota/ca1.jpg,con
30044,40003,/images/carimage/toyota/ca.png,exterior
30045,40004,/images/carimage/chevrolet/all_con.jpg,con
30046,40004,/images/carimage/chevrolet/all.png,exterior
30047,40005,/images/carimage/chevrolet/cross_con.jpg,con
30048,40005,/images/carimage/chevrolet/cross.png,exterior
30049,40006,/images/carimage/chevrolet/the_con.jpg,con
30050,40006,/images/carimage/chevrolet/the.png,exterior
30051,40007,/images/carimage/renault/arcana_con.jpg,con
30052,40007,/images/carimage/renault/arcana.png,exterior
30053,40008,/images/carimage/renault/col_con.jpg,con
30054,40008,/images/carimage/renault/col.png,exterior
30055,40009,/images/carimage/renault/senic_con.jpg,con
30056,40009,/images/carimage/renault/senic.png,exterior
30057,40010,/images/carimage/ford/mustang_con.jpg,con
30058,40010,/images/carimage/ford/mustang.png,exterior
30059,40011,/images/carimage/ford/explorer_con.jpg,con
30060,40011,/images/carimage/ford/explorer.png,exterior
30061,40012,/images/carimage/ford/expedition_con.jpg,con
30062,40012,/images/carimage/ford/expedition.png,exterior
30063,40013,/images/carimage/ford/ranger_con.jpg,con
30064,40013,/images/carimage/ford/ranger.png,exterior
30065,40014,/images/carimage/ford/bronco_con.jpg,con
30066,40014,/images/carimage/ford/bronco.png,exterior
30067,40015,/images/carimage/zeep/rangler_con.jpg,con
30068,40015,/images/carimage/zeep/rangler.png,exterior
30069,40016,/images/carimage/toyota/prius_con.jpg,con
30070,40016,/images/carimage/toyota/prius.png,exterior
30071,40017,/images/carimage/toyota/crown_con.jpg,con
30072,40017,/images/carimage/toyota/crown.png,exterior
30073,40018,/images/carimage/toyota/rav4_con.jpg,con
30074,40018,/images/carimage/toyota/rav4.png,exterior
30075,40019,/images/carimage/toyota/alphard_con.jpg,con
30076,40019,/images/carimage/toyota/alphard.png,exterior
30077,40020,/images/carimage/toyota/sienna_con.jpg,con
30078,40020,/images/carimage/toyota/sienna.png,exterior
30079,60001,/images/carimage/benz/glaclass_con.jpg,con
30080,60001,/images/carimage/benz/GLACLASS.png,exterior
30081,60002,/images/carimage/benz/aclass_con.jpg,con
30082,60002,/images/carimage/benz/aclass.png,exterior
30083,60003,/images/carimage/benz/glbclass_con.jpg,con
30084,60003,/images/carimage/benz/GLBCLASS.png,exterior
30085,60004,/images/carimage/benz/maybach_con.jpg,con
30086,60004,/images/carimage/benz/MAYBACH.png,exterior
30087,60005,/images/carimage/benz/cclass_con.jpg,con
30088,60005,/images/carimage/benz/cclass.png,exterior
30089,60006,/images/carimage/tesla/model3_con.jpg,con
30090,60006,/images/carimage/tesla/MODEL3.png,exterior
30091,60008,/images/carimage/tesla/modely_con.jpg,con
30092,60008,/images/carimage/tesla/MODELY.png,exterior
30093,60009,/images/carimage/tesla/cybertruck_con.jpg,con
30094,60009,/images/carimage/tesla/CYBERTRUCK.png,exterior
30095,60010,/images/carimage/bentley/bentayga_con.jpg,con
30096,60010,/images/carimage/bentley/BENTAYGA.png,exterior
30097,60011,/images/carimage/bentley/THENEWFLYINFSPUR.png,exterior
30098,60012,/images/carimage/tesla/modelx_con.jpg,con
30099,60012,/images/carimage/tesla/MODELX.png,exterior
30100,60013,/images/carimage/lamborghini/urus_con.jpg,con
30101,60013,/images/carimage/lamborghini/URUS.png,exterior
30102,60014,/images/carimage/rollsroyce/ghost_con.jpg,con
30103,60014,/images/carimage/rollsroyce/ghost.png,exterior
30104,60015,/images/carimage/maserati/grecale.png,exterior
30105,60016,/images/carimage/volvo/s90_con.jpg,con
30106,60016,/images/carimage/volvo/s90.png,exterior
30107,60017,/images/carimage/volvo/ex40_con.jpg,con
30108,60017,/images/carimage/volvo/ex40.png,exterior
30109,60018,/images/carimage/volvo/xc90_con.jpg,con
30110,60018,/images/carimage/volvo/xc90.png,exterior
30111,80001,/images/carimage/hyundai/santafe_con.jpg,con
30112,80001,/images/carimage/hyundai/santafe.png,exterior
30115,80005,/images/carimage/audi/a8_con.jpg,con
30116,80005,/images/carimage/audi/a8.png,exterior
30117,1,/images/carimage/hyundai/avante_con.jpg,con
30118,1,/images/carimage/hyundai/avante.png,exterior
30119,2,/images/carimage/hyundai/sonata_con.jpg,con
30120,2,/images/carimage/hyundai/sonata.png,exterior
30121,4,/images/carimage/hyundai/kona_con.jpg,con
30157,60015,/images/carimage/maserati/gre.jpg,con
30158,60011,/images/carimage/bentley/thenewflyingspur_con.jpg,con
30160,80007,/uploads/car-images/80007/con/20260212151247_15d93c04-79df-4ec2-b823-a334fde4202c.png,con
